State_code,Year,Source_fuel,Capacity_MW,Source_status,State,Energy_source,Capacity_GW,Highlight,Energy_group,Total_capacity_GW,Share,Stack_order,Upper,Lower,Midpoint,Share_percent
CA,2024,Geothermal,1881.2,Reported,California,Geothermal,1.8812,True,Renewable,96.7732,0.01943926624313343,0,0.01943926624313343,0.0,0.009719633121566715,1.943926624313343
CA,2024,Solar Thermal and Photovoltaic,22283.0,Reported,California,Solar,22.283,False,Renewable,96.7732,0.2302600306696482,1,0.24969929691278164,0.01943926624313344,0.13456928157795756,23.02600306696482
CA,2024,Wind,6456.8,Reported,California,Wind,6.4568,False,Renewable,96.7732,0.06672095166843713,2,0.31642024858121875,0.24969929691278164,0.2830597727470002,6.672095166843713
CA,2024,Hydroelectric,10213.6,Reported,California,Hydroelectric,10.2136,False,Renewable,96.7732,0.10554161689393343,3,0.4219618654751522,0.31642024858121875,0.36919105702818544,10.554161689393343
CA,2024,Wood and Wood Derived Fuels,541.9,Reported,California,Wood-derived fuels,0.5418999999999999,False,Renewable,96.7732,0.005599690823492454,4,0.4275615562986447,0.42196186547515224,0.42476171088689846,0.5599690823492454
CA,2024,Other Biomass,437.5,Reported,California,Other biomass,0.4375,False,Renewable,96.7732,0.0045208797476987425,5,0.4320824360463434,0.4275615562986446,0.429821996172494,0.4520879747698743
CA,2024,Nuclear,2240.0,Reported,California,Nuclear,2.24,True,Non-renewable,96.7732,0.023146904308217565,6,0.455229340354561,0.4320824360463434,0.4436558882004522,2.3146904308217566
CA,2024,Natural Gas,36329.1,Reported,California,Natural gas,36.3291,False,Non-renewable,96.7732,0.3754045541534226,7,0.8306338945079836,0.45522934035456103,0.6429316174312724,37.54045541534226
CA,2024,Coal,57.0,Reported,California,Coal,0.057,False,Non-renewable,96.7732,0.0005890060471287505,8,0.8312229005551124,0.8306338945079836,0.830928397531548,0.05890060471287505
CA,2024,Petroleum,442.2,Reported,California,Petroleum,0.4422,False,Non-renewable,96.7732,0.004569446912988306,9,0.8357923474681006,0.8312229005551123,0.8335076240116064,0.4569446912988306
CA,2024,Other Gases,212.5,Reported,California,Other gases,0.2125,False,Non-renewable,96.7732,0.0021958558774536753,10,0.8379882033455543,0.8357923474681007,0.8368902754068275,0.21958558774536752
CA,2024,Pumped Storage,3869.9,Reported,California,Pumped storage,3.8699,False,Storage / unclassified,96.7732,0.039989377224272836,11,0.8779775805698271,0.8379882033455542,0.8579828919576906,3.9989377224272835
CA,2024,Other,11808.5,Reported,California,Other,11.8085,False,Storage / unclassified,96.7732,0.12202241943017282,12,1.0,0.8779775805698272,0.9389887902849137,12.202241943017283
OR,2024,Geothermal,19.5,Reported,Oregon,Geothermal,0.0195,True,Renewable,17.6917,0.0011022117716217208,0,0.0011022117716217208,0.0,0.0005511058858108604,0.11022117716217208
OR,2024,Solar Thermal and Photovoltaic,1051.7,Reported,Oregon,Solar,1.0517,False,Renewable,17.6917,0.05944595488279815,1,0.06054816665441987,0.0011022117716217236,0.0308251892130208,5.944595488279815
OR,2024,Wind,3970.4,Reported,Oregon,Wind,3.9704,False,Renewable,17.6917,0.22442162143830158,2,0.28496978809272144,0.060548166654419866,0.17275897737357065,22.442162143830156
OR,2024,Hydroelectric,8264.2,Reported,Oregon,Hydroelectric,8.2642,False,Renewable,17.6917,0.4671230011813449,3,0.7520927892740663,0.2849697880927214,0.5185312886833938,46.71230011813449
OR,2024,Wood and Wood Derived Fuels,242.3,Reported,Oregon,Wood-derived fuels,0.2423,False,Renewable,17.6917,0.01369568780840733,4,0.7657884770824737,0.7520927892740663,0.75894063317827,1.369568780840733
OR,2024,Other Biomass,52.6,Reported,Oregon,Other biomass,0.0526,False,Renewable,17.6917,0.002973145599348847,5,0.7687616226818226,0.7657884770824738,0.7672750498821481,0.2973145599348847
OR,2024,Nuclear,0.0,Not listed,Oregon,Nuclear,0.0,True,Non-renewable,17.6917,0.0,6,0.7687616226818226,0.7687616226818226,0.7687616226818226,0.0
OR,2024,Natural Gas,3762.4,Reported,Oregon,Natural gas,3.7624,False,Non-renewable,17.6917,0.21266469587433653,7,0.9814263185561591,0.7687616226818226,0.8750939706189909,21.266469587433654
OR,2024,Coal,0.0,Not listed,Oregon,Coal,0.0,False,Non-renewable,17.6917,0.0,8,0.9814263185561591,0.9814263185561591,0.9814263185561591,0.0
OR,2024,Petroleum,6.6,Reported,Oregon,Petroleum,0.0066,False,Non-renewable,17.6917,0.0003730562919335055,9,0.9817993748480925,0.981426318556159,0.9816128467021258,0.03730562919335055
OR,2024,Other Gases,0.0,Not listed,Oregon,Other gases,0.0,False,Non-renewable,17.6917,0.0,10,0.9817993748480925,0.9817993748480925,0.9817993748480925,0.0
OR,2024,Pumped Storage,0.0,Not listed,Oregon,Pumped storage,0.0,False,Storage / unclassified,17.6917,0.0,11,0.9817993748480925,0.9817993748480925,0.9817993748480925,0.0
OR,2024,Other,322.0,Reported,Oregon,Other,0.322,False,Storage / unclassified,17.6917,0.01820062515190739,12,1.0,0.9817993748480927,0.9908996874240463,1.820062515190739
WA,2024,Geothermal,0.0,Not listed,Washington,Geothermal,0.0,True,Renewable,30.975300000000004,0.0,0,0.0,0.0,0.0,0.0
WA,2024,Solar Thermal and Photovoltaic,268.3,Reported,Washington,Solar,0.2683,False,Renewable,30.975300000000004,0.008661740160708692,1,0.008661740160708692,0.0,0.004330870080354346,0.8661740160708692
WA,2024,Wind,3374.9,Reported,Washington,Wind,3.3749,False,Renewable,30.975300000000004,0.10895455411247024,2,0.11761629427317893,0.008661740160708697,0.06313901721694382,10.895455411247024
WA,2024,Hydroelectric,21513.3,Reported,Washington,Hydroelectric,21.5133,False,Renewable,30.975300000000004,0.6945308035757523,3,0.8121470978489311,0.11761629427317888,0.464881696061055,69.45308035757523
WA,2024,Wood and Wood Derived Fuels,238.0,Reported,Washington,Wood-derived fuels,0.238,False,Renewable,30.975300000000004,0.007683541402343156,4,0.8198306392512743,0.8121470978489311,0.8159888685501027,0.7683541402343156
WA,2024,Other Biomass,31.8,Reported,Washington,Other biomass,0.0318,False,Renewable,30.975300000000004,0.001026624439472741,5,0.8208572636907471,0.8198306392512743,0.8203439514710107,0.1026624439472741
WA,2024,Nuclear,1151.0,Reported,Washington,Nuclear,1.151,True,Non-renewable,30.975300000000004,0.03715863930292846,6,0.8580159029936755,0.820857263690747,0.8394365833422113,3.715863930292846
WA,2024,Natural Gas,3385.4,Reported,Washington,Natural gas,3.3854,False,Non-renewable,30.975300000000004,0.10929353388022069,7,0.9673094368738961,0.8580159029936755,0.9126626699337859,10.929353388022069
WA,2024,Coal,670.0,Reported,Washington,Coal,0.67,False,Non-renewable,30.975300000000004,0.02163013756121813,8,0.9889395744351143,0.9673094368738961,0.9781245056545051,2.163013756121813
WA,2024,Petroleum,22.6,Reported,Washington,Petroleum,0.0226,False,Non-renewable,30.975300000000004,0.0007296135953485518,9,0.9896691880304629,0.9889395744351144,0.9893043812327886,0.07296135953485518
WA,2024,Other Gases,0.0,Not listed,Washington,Other gases,0.0,False,Non-renewable,30.975300000000004,0.0,10,0.9896691880304629,0.9896691880304629,0.9896691880304629,0.0
WA,2024,Pumped Storage,314.0,Reported,Washington,Pumped storage,0.314,False,Storage / unclassified,30.975300000000004,0.010137109245108198,11,0.999806297275571,0.9896691880304628,0.9947377426530168,1.0137109245108198
WA,2024,Other,6.0,Reported,Washington,Other,0.006,False,Storage / unclassified,30.975300000000004,0.00019370272442881907,12,0.9999999999999999,0.999806297275571,0.9999031486377854,0.019370272442881906
