"Proposed Nameplate and Net Summer Capacity by Year, Energy Source, and State, 2026-2030",,,,,,,
Planned Year,State Code,Producer Type,Fuel Source,Generators,Facilities,Nameplate Capacity (Megawatts),Summer Capacity (Megawatts)
2026,AK,Total Electric Power Industry,All Sources,1,1,.4,.4
2026,AK,Total Electric Power Industry,Petroleum,1,1,.4,.4
2026,AL,Total Electric Power Industry,All Sources,4,4,320.0,320.0
2026,AL,Total Electric Power Industry,Solar Thermal and Photovoltaic,4,4,320.0,320.0
2026,AR,Total Electric Power Industry,All Sources,12,11,592.2,544.7
2026,AR,Total Electric Power Industry,Natural Gas,2,1,140.5,93.0
2026,AR,Total Electric Power Industry,Solar Thermal and Photovoltaic,9,9,268.7,268.7
2026,AR,Total Electric Power Industry,Wind,1,1,183.0,183.0
2026,AZ,Total Electric Power Industry,All Sources,45,26,"7,360.9","7,310.4"
2026,AZ,Total Electric Power Industry,Natural Gas,6,1,297.0,252.0
2026,AZ,Total Electric Power Industry,Other,18,15,"3,394.4","3,394.4"
2026,AZ,Total Electric Power Industry,Solar Thermal and Photovoltaic,20,16,"3,169.5","3,164.0"
2026,AZ,Total Electric Power Industry,Wind,1,1,500.0,500.0
2026,CA,Total Electric Power Industry,All Sources,163,115,"6,974.9","6,944.8"
2026,CA,Total Electric Power Industry,Hydroelectric,1,1,4.3,4.1
2026,CA,Total Electric Power Industry,Natural Gas,3,1,56.4,55.2
2026,CA,Total Electric Power Industry,Other,64,62,"3,695.0","3,668.8"
2026,CA,Total Electric Power Industry,Other Biomass,2,1,2.6,2.6
2026,CA,Total Electric Power Industry,Solar Thermal and Photovoltaic,89,83,"3,009.8","3,007.3"
2026,CA,Total Electric Power Industry,Wind,4,2,206.8,206.8
2026,CO,Total Electric Power Industry,All Sources,32,26,"2,040.3","2,016.9"
2026,CO,Total Electric Power Industry,Natural Gas,6,1,156.6,133.2
2026,CO,Total Electric Power Industry,Other,5,5,799.0,799.0
2026,CO,Total Electric Power Industry,Solar Thermal and Photovoltaic,20,20,582.7,582.7
2026,CO,Total Electric Power Industry,Wind,1,1,502.0,502.0
2026,CT,Total Electric Power Industry,All Sources,4,4,10.6,10.6
2026,CT,Total Electric Power Industry,Solar Thermal and Photovoltaic,4,4,10.6,10.6
2026,DC,Total Electric Power Industry,All Sources,1,1,5.7,5.3
2026,DC,Total Electric Power Industry,Natural Gas,1,1,5.7,5.3
2026,DE,Total Electric Power Industry,All Sources,9,9,32.3,32.3
2026,DE,Total Electric Power Industry,Solar Thermal and Photovoltaic,9,9,32.3,32.3
2026,FL,Total Electric Power Industry,All Sources,25,24,"2,243.8","2,170.1"
2026,FL,Total Electric Power Industry,Natural Gas,1,1,612.0,538.3
2026,FL,Total Electric Power Industry,Other,2,2,70.0,70.0
2026,FL,Total Electric Power Industry,Solar Thermal and Photovoltaic,22,22,"1,561.8","1,561.8"
2026,GA,Total Electric Power Industry,All Sources,13,12,"1,341.9","1,341.9"
2026,GA,Total Electric Power Industry,Other,6,5,775.0,775.0
2026,GA,Total Electric Power Industry,Solar Thermal and Photovoltaic,7,7,566.9,566.9
2026,HI,Total Electric Power Industry,All Sources,5,3,75.7,75.7
2026,HI,Total Electric Power Industry,Other,2,2,37.0,37.0
2026,HI,Total Electric Power Industry,Solar Thermal and Photovoltaic,3,3,38.7,38.7
2026,IA,Total Electric Power Industry,All Sources,4,4,301.5,301.5
2026,IA,Total Electric Power Industry,Other,1,1,99.0,99.0
2026,IA,Total Electric Power Industry,Solar Thermal and Photovoltaic,3,3,202.5,202.5
2026,ID,Total Electric Power Industry,All Sources,10,4,342.5,342.5
2026,ID,Total Electric Power Industry,Natural Gas,7,1,17.5,17.5
2026,ID,Total Electric Power Industry,Other,2,2,200.0,200.0
2026,ID,Total Electric Power Industry,Solar Thermal and Photovoltaic,1,1,125.0,125.0
2026,IL,Total Electric Power Industry,All Sources,145,139,"2,978.2","2,965.3"
2026,IL,Total Electric Power Industry,Natural Gas,1,1,8.0,7.5
2026,IL,Total Electric Power Industry,Other,1,1,2.0,2.0
2026,IL,Total Electric Power Industry,Solar Thermal and Photovoltaic,140,135,"2,195.2","2,182.8"
2026,IL,Total Electric Power Industry,Wind,3,3,773.0,773.0
2026,IN,Total Electric Power Industry,All Sources,12,11,"2,301.0","2,300.9"
2026,IN,Total Electric Power Industry,Natural Gas,1,1,1.0,.9
2026,IN,Total Electric Power Industry,Other,1,1,250.0,250.0
2026,IN,Total Electric Power Industry,Solar Thermal and Photovoltaic,9,9,"1,850.0","1,850.0"
2026,IN,Total Electric Power Industry,Wind,1,1,200.0,200.0
2026,KS,Total Electric Power Industry,All Sources,18,9,415.4,414.6
2026,KS,Total Electric Power Industry,Natural Gas,2,1,27.2,27.2
2026,KS,Total Electric Power Industry,Petroleum,13,5,30.6,29.8
2026,KS,Total Electric Power Industry,Solar Thermal and Photovoltaic,3,3,357.6,357.6
2026,KY,Total Electric Power Industry,All Sources,9,4,308.8,308.8
2026,KY,Total Electric Power Industry,Hydroelectric,6,1,2.8,2.8
2026,KY,Total Electric Power Industry,Solar Thermal and Photovoltaic,3,3,306.0,306.0
2026,LA,Total Electric Power Industry,All Sources,9,9,465.7,465.7
2026,LA,Total Electric Power Industry,Solar Thermal and Photovoltaic,9,9,465.7,465.7
2026,MA,Total Electric Power Industry,All Sources,14,11,"1,095.0","1,095.0"
2026,MA,Total Electric Power Industry,Other,8,8,278.0,278.0
2026,MA,Total Electric Power Industry,Solar Thermal and Photovoltaic,5,5,17.0,17.0
2026,MA,Total Electric Power Industry,Wind,1,1,800.0,800.0
2026,MD,Total Electric Power Industry,All Sources,25,25,299.7,299.7
2026,MD,Total Electric Power Industry,Solar Thermal and Photovoltaic,25,25,299.7,299.7
2026,ME,Total Electric Power Industry,All Sources,4,4,105.4,105.4
2026,ME,Total Electric Power Industry,Solar Thermal and Photovoltaic,4,4,105.4,105.4
2026,MI,Total Electric Power Industry,All Sources,17,17,"2,468.8","2,468.8"
2026,MI,Total Electric Power Industry,Other,1,1,220.0,220.0
2026,MI,Total Electric Power Industry,Solar Thermal and Photovoltaic,16,16,"2,248.8","2,248.8"
2026,MN,Total Electric Power Industry,All Sources,17,16,330.8,330.8
2026,MN,Total Electric Power Industry,Hydroelectric,2,1,4.0,4.0
2026,MN,Total Electric Power Industry,Other,1,1,.8,.8
2026,MN,Total Electric Power Industry,Solar Thermal and Photovoltaic,14,14,326.0,326.0
2026,MO,Total Electric Power Industry,All Sources,8,7,839.2,831.8
2026,MO,Total Electric Power Industry,Natural Gas,3,2,55.2,47.8
2026,MO,Total Electric Power Industry,Solar Thermal and Photovoltaic,5,5,784.0,784.0
2026,MS,Total Electric Power Industry,All Sources,4,3,454.8,454.8
2026,MS,Total Electric Power Industry,Other,1,1,50.0,50.0
2026,MS,Total Electric Power Industry,Solar Thermal and Photovoltaic,3,3,404.8,404.8
2026,NC,Total Electric Power Industry,All Sources,20,20,433.8,432.9
2026,NC,Total Electric Power Industry,Other,8,8,84.0,83.1
2026,NC,Total Electric Power Industry,Solar Thermal and Photovoltaic,12,12,349.8,349.8
2026,ND,Total Electric Power Industry,All Sources,3,3,490.0,490.0
2026,ND,Total Electric Power Industry,Other,2,2,240.0,240.0
2026,ND,Total Electric Power Industry,Wind,1,1,250.0,250.0
2026,NE,Total Electric Power Industry,All Sources,6,4,62.0,61.7
2026,NE,Total Electric Power Industry,Natural Gas,3,1,7.5,7.2
2026,NE,Total Electric Power Industry,Other,2,2,53.0,53.0
2026,NE,Total Electric Power Industry,Petroleum,1,1,1.5,1.5
2026,NH,Total Electric Power Industry,All Sources,2,2,24.0,24.0
2026,NH,Total Electric Power Industry,Solar Thermal and Photovoltaic,2,2,24.0,24.0
2026,NJ,Total Electric Power Industry,All Sources,25,25,106.0,105.6
2026,NJ,Total Electric Power Industry,Other,2,2,23.2,23.2
2026,NJ,Total Electric Power Industry,Solar Thermal and Photovoltaic,23,23,82.8,82.4
2026,NM,Total Electric Power Industry,All Sources,30,25,"5,309.5","5,309.5"
2026,NM,Total Electric Power Industry,Other,8,8,744.0,744.0
2026,NM,Total Electric Power Industry,Solar Thermal and Photovoltaic,20,20,915.3,915.3
2026,NM,Total Electric Power Industry,Wind,2,2,"3,650.2","3,650.2"
2026,NV,Total Electric Power Industry,All Sources,4,3,"1,001.0","1,001.0"
2026,NV,Total Electric Power Industry,Other,1,1,400.0,400.0
2026,NV,Total Electric Power Industry,Solar Thermal and Photovoltaic,3,3,601.0,601.0
2026,NY,Total Electric Power Industry,All Sources,65,62,"1,570.4","1,570.2"
2026,NY,Total Electric Power Industry,Natural Gas,1,1,2.6,2.6
2026,NY,Total Electric Power Industry,Other,9,8,45.0,45.0
2026,NY,Total Electric Power Industry,Other Biomass,1,1,3.0,3.0
2026,NY,Total Electric Power Industry,Petroleum,1,1,1.0,1.0
2026,NY,Total Electric Power Industry,Solar Thermal and Photovoltaic,51,51,"1,065.6","1,065.4"
2026,NY,Total Electric Power Industry,Wind,2,2,453.2,453.2
2026,OH,Total Electric Power Industry,All Sources,19,13,"2,203.7","2,116.1"
2026,OH,Total Electric Power Industry,Natural Gas,3,1,988.0,900.4
2026,OH,Total Electric Power Industry,Other,4,1,15.6,15.6
2026,OH,Total Electric Power Industry,Other Biomass,2,1,2.8,2.8
2026,OH,Total Electric Power Industry,Solar Thermal and Photovoltaic,9,9,"1,057.0","1,057.0"
2026,OH,Total Electric Power Industry,Wind,1,1,140.3,140.3
2026,OK,Total Electric Power Industry,All Sources,20,18,"3,350.1","3,164.3"
2026,OK,Total Electric Power Industry,Natural Gas,6,4,"1,557.2","1,371.4"
2026,OK,Total Electric Power Industry,Other,1,1,200.0,200.0
2026,OK,Total Electric Power Industry,Solar Thermal and Photovoltaic,12,12,"1,445.4","1,445.4"
2026,OK,Total Electric Power Industry,Wind,1,1,147.5,147.5
2026,OR,Total Electric Power Industry,All Sources,6,6,189.7,189.7
2026,OR,Total Electric Power Industry,Petroleum,1,1,3.0,3.0
2026,OR,Total Electric Power Industry,Solar Thermal and Photovoltaic,5,5,186.7,186.7
2026,PA,Total Electric Power Industry,All Sources,16,16,407.3,403.2
2026,PA,Total Electric Power Industry,Natural Gas,1,1,2.5,2.5
2026,PA,Total Electric Power Industry,Solar Thermal and Photovoltaic,14,14,290.8,290.8
2026,PA,Total Electric Power Industry,Wind,1,1,114.0,109.9
2026,RI,Total Electric Power Industry,All Sources,1,1,715.0,715.0
2026,RI,Total Electric Power Industry,Wind,1,1,715.0,715.0
2026,SC,Total Electric Power Industry,All Sources,6,6,247.1,248.3
2026,SC,Total Electric Power Industry,Other,1,1,4.5,4.5
2026,SC,Total Electric Power Industry,Solar Thermal and Photovoltaic,5,5,242.6,243.8
2026,SD,Total Electric Power Industry,All Sources,9,3,136.5,132.7
2026,SD,Total Electric Power Industry,Natural Gas,8,2,131.6,127.8
2026,SD,Total Electric Power Industry,Solar Thermal and Photovoltaic,1,1,4.9,4.9
2026,TN,Total Electric Power Industry,All Sources,11,11,486.2,486.2
2026,TN,Total Electric Power Industry,Other,1,1,20.0,20.0
2026,TN,Total Electric Power Industry,Solar Thermal and Photovoltaic,10,10,466.2,466.2
2026,TX,Total Electric Power Industry,All Sources,223,183,"28,544.1","28,271.0"
2026,TX,Total Electric Power Industry,Natural Gas,35,9,"2,499.0","2,342.1"
2026,TX,Total Electric Power Industry,Other,102,101,"9,308.9","9,260.4"
2026,TX,Total Electric Power Industry,Petroleum,2,2,19.8,19.8
2026,TX,Total Electric Power Industry,Solar Thermal and Photovoltaic,77,71,"15,044.3","14,976.6"
2026,TX,Total Electric Power Industry,Wind,7,7,"1,672.1","1,672.1"
2026,US,Total Electric Power Industry,All Sources,"1,136",949,"82,276.7","81,422.1"
2026,US,Total Electric Power Industry,Geothermal,1,1,53.0,28.0
2026,US,Total Electric Power Industry,Hydroelectric,9,3,11.1,10.9
2026,US,Total Electric Power Industry,Natural Gas,101,34,"6,839.0","6,177.6"
2026,US,Total Electric Power Industry,Other,274,263,"22,471.4","22,395.8"
2026,US,Total Electric Power Industry,Other Biomass,5,3,8.4,8.4
2026,US,Total Electric Power Industry,Petroleum,19,11,56.3,55.5
2026,US,Total Electric Power Industry,Solar Thermal and Photovoltaic,698,677,"42,452.4","42,364.9"
2026,US,Total Electric Power Industry,Wind,29,27,"10,385.1","10,381.0"
2026,UT,Total Electric Power Industry,All Sources,19,10,"1,349.5","1,322.7"
2026,UT,Total Electric Power Industry,Geothermal,1,1,53.0,28.0
2026,UT,Total Electric Power Industry,Natural Gas,10,2,24.4,22.6
2026,UT,Total Electric Power Industry,Other,6,6,870.0,870.0
2026,UT,Total Electric Power Industry,Solar Thermal and Photovoltaic,2,2,402.1,402.1
2026,VA,Total Electric Power Industry,All Sources,16,15,819.2,819.2
2026,VA,Total Electric Power Industry,Other,7,7,291.0,291.0
2026,VA,Total Electric Power Industry,Solar Thermal and Photovoltaic,8,8,450.2,450.2
2026,VA,Total Electric Power Industry,Wind,1,1,78.0,78.0
2026,VT,Total Electric Power Industry,All Sources,2,2,18.0,18.0
2026,VT,Total Electric Power Industry,Other,1,1,16.0,16.0
2026,VT,Total Electric Power Industry,Solar Thermal and Photovoltaic,1,1,2.0,2.0
2026,WA,Total Electric Power Industry,All Sources,4,4,435.0,435.0
2026,WA,Total Electric Power Industry,Other,2,2,225.0,225.0
2026,WA,Total Electric Power Industry,Solar Thermal and Photovoltaic,2,2,210.0,210.0
2026,WI,Total Electric Power Industry,All Sources,19,18,673.1,647.1
2026,WI,Total Electric Power Industry,Natural Gas,1,1,249.1,223.1
2026,WI,Total Electric Power Industry,Other,4,4,61.0,61.0
2026,WI,Total Electric Power Industry,Solar Thermal and Photovoltaic,14,14,363.0,363.0
2027,AK,Total Electric Power Industry,All Sources,1,1,9.6,9.6
2027,AK,Total Electric Power Industry,Hydroelectric,1,1,9.6,9.6
2027,AL,Total Electric Power Industry,All Sources,8,8,590.8,590.8
2027,AL,Total Electric Power Industry,Solar Thermal and Photovoltaic,8,8,590.8,590.8
2027,AR,Total Electric Power Industry,All Sources,7,7,"1,094.4","1,094.4"
2027,AR,Total Electric Power Industry,Solar Thermal and Photovoltaic,7,7,"1,094.4","1,094.4"
2027,AZ,Total Electric Power Industry,All Sources,42,19,"6,344.2","6,197.2"
2027,AZ,Total Electric Power Industry,Natural Gas,18,3,931.0,784.0
2027,AZ,Total Electric Power Industry,Other,12,12,"2,781.6","2,781.6"
2027,AZ,Total Electric Power Industry,Solar Thermal and Photovoltaic,12,12,"2,631.6","2,631.6"
2027,CA,Total Electric Power Industry,All Sources,84,55,"7,155.0","7,139.9"
2027,CA,Total Electric Power Industry,Geothermal,1,1,1.0,.7
2027,CA,Total Electric Power Industry,Other,36,33,"3,726.6","3,714.8"
2027,CA,Total Electric Power Industry,Other Biomass,10,4,26.4,23.4
2027,CA,Total Electric Power Industry,Pumped Storage,3,1,600.0,600.0
2027,CA,Total Electric Power Industry,Solar Thermal and Photovoltaic,30,27,"2,669.5","2,669.5"
2027,CA,Total Electric Power Industry,Wind,4,4,131.5,131.5
2027,CO,Total Electric Power Industry,All Sources,20,19,"2,695.4","2,570.2"
2027,CO,Total Electric Power Industry,Natural Gas,2,1,478.0,355.8
2027,CO,Total Electric Power Industry,Other,3,3,449.6,449.6
2027,CO,Total Electric Power Industry,Solar Thermal and Photovoltaic,13,13,726.8,726.8
2027,CO,Total Electric Power Industry,Wind,2,2,"1,041.0","1,038.0"
2027,CT,Total Electric Power Industry,All Sources,6,5,378.0,378.0
2027,CT,Total Electric Power Industry,Other,2,2,295.0,295.0
2027,CT,Total Electric Power Industry,Solar Thermal and Photovoltaic,4,4,83.0,83.0
2027,DE,Total Electric Power Industry,All Sources,5,5,61.5,61.5
2027,DE,Total Electric Power Industry,Solar Thermal and Photovoltaic,5,5,61.5,61.5
2027,FL,Total Electric Power Industry,All Sources,19,19,"1,330.2","1,328.2"
2027,FL,Total Electric Power Industry,Other,2,2,120.0,120.0
2027,FL,Total Electric Power Industry,Other Biomass,1,1,17.0,15.0
2027,FL,Total Electric Power Industry,Solar Thermal and Photovoltaic,16,16,"1,193.2","1,193.2"
2027,GA,Total Electric Power Industry,All Sources,15,11,"2,432.4","2,239.2"
2027,GA,Total Electric Power Industry,Natural Gas,6,2,"1,454.4","1,261.2"
2027,GA,Total Electric Power Industry,Other,1,1,76.0,76.0
2027,GA,Total Electric Power Industry,Solar Thermal and Photovoltaic,8,8,902.0,902.0
2027,HI,Total Electric Power Industry,All Sources,5,4,72.4,68.4
2027,HI,Total Electric Power Industry,Other,3,3,30.0,30.0
2027,HI,Total Electric Power Industry,Other Biomass,1,1,36.0,32.0
2027,HI,Total Electric Power Industry,Solar Thermal and Photovoltaic,1,1,6.4,6.4
2027,IA,Total Electric Power Industry,All Sources,2,2,135.0,132.6
2027,IA,Total Electric Power Industry,Natural Gas,1,1,35.0,32.6
2027,IA,Total Electric Power Industry,Solar Thermal and Photovoltaic,1,1,100.0,100.0
2027,ID,Total Electric Power Industry,All Sources,4,3,753.0,753.0
2027,ID,Total Electric Power Industry,Other,1,1,100.0,100.0
2027,ID,Total Electric Power Industry,Solar Thermal and Photovoltaic,2,2,500.0,500.0
2027,ID,Total Electric Power Industry,Wind,1,1,153.0,153.0
2027,IL,Total Electric Power Industry,All Sources,56,50,"1,792.5","1,792.5"
2027,IL,Total Electric Power Industry,Hydroelectric,4,1,10.4,10.4
2027,IL,Total Electric Power Industry,Natural Gas,2,1,8.2,8.2
2027,IL,Total Electric Power Industry,Other,4,4,50.5,50.5
2027,IL,Total Electric Power Industry,Petroleum,1,1,2.5,2.5
2027,IL,Total Electric Power Industry,Solar Thermal and Photovoltaic,42,42,745.9,745.9
2027,IL,Total Electric Power Industry,Wind,3,3,975.0,975.0
2027,IN,Total Electric Power Industry,All Sources,14,10,"1,944.8","1,879.7"
2027,IN,Total Electric Power Industry,Natural Gas,5,2,464.6,399.5
2027,IN,Total Electric Power Industry,Other,1,1,20.0,20.0
2027,IN,Total Electric Power Industry,Solar Thermal and Photovoltaic,7,7,"1,260.0","1,260.0"
2027,IN,Total Electric Power Industry,Wind,1,1,200.2,200.2
2027,KS,Total Electric Power Industry,All Sources,4,4,521.6,521.6
2027,KS,Total Electric Power Industry,Petroleum,1,1,3.0,3.0
2027,KS,Total Electric Power Industry,Solar Thermal and Photovoltaic,1,1,65.0,65.0
2027,KS,Total Electric Power Industry,Wind,2,2,453.6,453.6
2027,KY,Total Electric Power Industry,All Sources,21,13,"1,848.3","1,752.2"
2027,KY,Total Electric Power Industry,Hydroelectric,6,1,2.8,2.8
2027,KY,Total Electric Power Industry,Natural Gas,5,2,815.2,720.2
2027,KY,Total Electric Power Industry,Other,1,1,125.0,125.0
2027,KY,Total Electric Power Industry,Solar Thermal and Photovoltaic,9,9,905.3,904.2
2027,LA,Total Electric Power Industry,All Sources,8,8,"1,118.8","1,077.0"
2027,LA,Total Electric Power Industry,Other,1,1,7.7,7.7
2027,LA,Total Electric Power Industry,Solar Thermal and Photovoltaic,7,7,"1,111.1","1,069.3"
2027,MA,Total Electric Power Industry,All Sources,20,13,520.2,520.2
2027,MA,Total Electric Power Industry,Other,10,10,478.2,478.2
2027,MA,Total Electric Power Industry,Solar Thermal and Photovoltaic,10,10,42.0,42.0
2027,ME,Total Electric Power Industry,All Sources,4,4,51.2,51.2
2027,ME,Total Electric Power Industry,Other,2,2,15.0,15.0
2027,ME,Total Electric Power Industry,Solar Thermal and Photovoltaic,2,2,36.2,36.2
2027,MI,Total Electric Power Industry,All Sources,12,12,"1,312.6","1,312.6"
2027,MI,Total Electric Power Industry,Other,2,2,200.0,200.0
2027,MI,Total Electric Power Industry,Other Biomass,1,1,1.6,1.6
2027,MI,Total Electric Power Industry,Solar Thermal and Photovoltaic,9,9,"1,111.0","1,111.0"
2027,MN,Total Electric Power Industry,All Sources,13,7,"1,071.0","1,070.8"
2027,MN,Total Electric Power Industry,Natural Gas,1,1,7.5,7.3
2027,MN,Total Electric Power Industry,Other,4,3,815.5,815.5
2027,MN,Total Electric Power Industry,Petroleum,5,1,17.0,17.0
2027,MN,Total Electric Power Industry,Solar Thermal and Photovoltaic,2,2,2.0,2.0
2027,MN,Total Electric Power Industry,Wind,1,1,229.0,229.0
2027,MO,Total Electric Power Industry,All Sources,15,9,"2,568.2","2,431.7"
2027,MO,Total Electric Power Industry,Natural Gas,8,4,"1,230.2","1,093.7"
2027,MO,Total Electric Power Industry,Other,3,3,431.0,431.0
2027,MO,Total Electric Power Industry,Solar Thermal and Photovoltaic,4,4,907.0,907.0
2027,MS,Total Electric Power Industry,All Sources,6,5,520.8,520.8
2027,MS,Total Electric Power Industry,Natural Gas,2,1,15.8,15.8
2027,MS,Total Electric Power Industry,Solar Thermal and Photovoltaic,4,4,505.0,505.0
2027,MT,Total Electric Power Industry,All Sources,3,2,450.0,450.0
2027,MT,Total Electric Power Industry,Other,2,2,250.0,250.0
2027,MT,Total Electric Power Industry,Solar Thermal and Photovoltaic,1,1,200.0,200.0
2027,NC,Total Electric Power Industry,All Sources,19,19,"1,323.4","1,323.4"
2027,NC,Total Electric Power Industry,Other,3,3,273.0,273.0
2027,NC,Total Electric Power Industry,Solar Thermal and Photovoltaic,16,16,"1,050.4","1,050.4"
2027,ND,Total Electric Power Industry,All Sources,1,1,202.0,84.0
2027,ND,Total Electric Power Industry,Wind,1,1,202.0,84.0
2027,NE,Total Electric Power Industry,All Sources,4,3,179.2,179.2
2027,NE,Total Electric Power Industry,Petroleum,2,1,4.2,4.2
2027,NE,Total Electric Power Industry,Solar Thermal and Photovoltaic,1,1,100.0,100.0
2027,NE,Total Electric Power Industry,Wind,1,1,75.0,75.0
2027,NJ,Total Electric Power Industry,All Sources,1,1,1.4,1.4
2027,NJ,Total Electric Power Industry,Solar Thermal and Photovoltaic,1,1,1.4,1.4
2027,NM,Total Electric Power Industry,All Sources,11,8,"1,217.0","1,217.0"
2027,NM,Total Electric Power Industry,Natural Gas,1,1,16.0,16.0
2027,NM,Total Electric Power Industry,Other,4,4,360.0,360.0
2027,NM,Total Electric Power Industry,Solar Thermal and Photovoltaic,6,6,841.0,841.0
2027,NV,Total Electric Power Industry,All Sources,14,7,"2,718.0","2,711.0"
2027,NV,Total Electric Power Industry,Geothermal,5,1,26.5,19.5
2027,NV,Total Electric Power Industry,Other,4,4,"1,149.5","1,149.5"
2027,NV,Total Electric Power Industry,Solar Thermal and Photovoltaic,5,5,"1,542.0","1,542.0"
2027,NY,Total Electric Power Industry,All Sources,65,62,"3,132.8","3,131.7"
2027,NY,Total Electric Power Industry,Hydroelectric,1,1,.5,.5
2027,NY,Total Electric Power Industry,Natural Gas,1,1,2.9,1.8
2027,NY,Total Electric Power Industry,Other,21,21,101.7,101.7
2027,NY,Total Electric Power Industry,Solar Thermal and Photovoltaic,37,37,"1,185.7","1,185.7"
2027,NY,Total Electric Power Industry,Wind,5,4,"1,842.0","1,842.0"
2027,OH,Total Electric Power Industry,All Sources,12,12,"1,889.5","1,889.5"
2027,OH,Total Electric Power Industry,Other,1,1,200.0,200.0
2027,OH,Total Electric Power Industry,Solar Thermal and Photovoltaic,10,10,"1,392.5","1,392.5"
2027,OH,Total Electric Power Industry,Wind,1,1,297.0,297.0
2027,OK,Total Electric Power Industry,All Sources,4,4,888.0,734.4
2027,OK,Total Electric Power Industry,Other,1,1,150.0,150.0
2027,OK,Total Electric Power Industry,Solar Thermal and Photovoltaic,3,3,738.0,584.4
2027,OR,Total Electric Power Industry,All Sources,16,11,"3,918.8","3,918.8"
2027,OR,Total Electric Power Industry,Other,6,6,"1,652.0","1,652.0"
2027,OR,Total Electric Power Industry,Solar Thermal and Photovoltaic,9,9,"1,966.8","1,966.8"
2027,OR,Total Electric Power Industry,Wind,1,1,300.0,300.0
2027,PA,Total Electric Power Industry,All Sources,36,36,900.3,900.3
2027,PA,Total Electric Power Industry,Hydroelectric,1,1,5.3,5.3
2027,PA,Total Electric Power Industry,Other,1,1,21.0,21.0
2027,PA,Total Electric Power Industry,Solar Thermal and Photovoltaic,34,34,874.0,874.0
2027,RI,Total Electric Power Industry,All Sources,1,1,3.5,3.5
2027,RI,Total Electric Power Industry,Solar Thermal and Photovoltaic,1,1,3.5,3.5
2027,SC,Total Electric Power Industry,All Sources,14,13,"1,125.1","1,099.1"
2027,SC,Total Electric Power Industry,Other,2,2,374.9,374.9
2027,SC,Total Electric Power Industry,Petroleum,2,1,114.0,88.0
2027,SC,Total Electric Power Industry,Solar Thermal and Photovoltaic,10,10,636.2,636.2
2027,SD,Total Electric Power Industry,All Sources,1,1,99.0,99.0
2027,SD,Total Electric Power Industry,Solar Thermal and Photovoltaic,1,1,99.0,99.0
2027,TN,Total Electric Power Industry,All Sources,24,7,"2,321.4","1,880.3"
2027,TN,Total Electric Power Industry,Natural Gas,18,1,"1,830.6","1,389.5"
2027,TN,Total Electric Power Industry,Solar Thermal and Photovoltaic,6,6,490.8,490.8
2027,TX,Total Electric Power Industry,All Sources,158,108,"28,542.6","28,324.0"
2027,TX,Total Electric Power Industry,Natural Gas,42,7,"4,547.3","4,372.9"
2027,TX,Total Electric Power Industry,Other,51,51,"9,204.3","9,188.2"
2027,TX,Total Electric Power Industry,Petroleum,1,1,9.9,9.9
2027,TX,Total Electric Power Industry,Solar Thermal and Photovoltaic,57,57,"13,258.2","13,230.1"
2027,TX,Total Electric Power Industry,Wind,7,7,"1,522.9","1,522.9"
2027,US,Total Electric Power Industry,All Sources,817,623,"92,316.9","90,451.7"
2027,US,Total Electric Power Industry,Geothermal,8,3,133.5,76.2
2027,US,Total Electric Power Industry,Hydroelectric,16,6,58.6,37.6
2027,US,Total Electric Power Industry,Natural Gas,115,29,"11,844.2","10,466.0"
2027,US,Total Electric Power Industry,Other,190,186,"24,415.1","24,387.2"
2027,US,Total Electric Power Industry,Other Biomass,13,7,81.0,72.0
2027,US,Total Electric Power Industry,Petroleum,12,6,150.6,124.6
2027,US,Total Electric Power Industry,Pumped Storage,3,1,600.0,600.0
2027,US,Total Electric Power Industry,Solar Thermal and Photovoltaic,428,425,"44,904.5","44,679.7"
2027,US,Total Electric Power Industry,Wind,32,31,"10,129.4","10,008.4"
2027,UT,Total Electric Power Industry,All Sources,9,5,"1,020.5",970.5
2027,UT,Total Electric Power Industry,Geothermal,2,1,106.0,56.0
2027,UT,Total Electric Power Industry,Natural Gas,3,1,7.5,7.5
2027,UT,Total Electric Power Industry,Other,1,1,198.0,198.0
2027,UT,Total Electric Power Industry,Solar Thermal and Photovoltaic,3,3,709.0,709.0
2027,VA,Total Electric Power Industry,All Sources,17,17,"3,583.9","3,583.7"
2027,VA,Total Electric Power Industry,Other,1,1,50.0,50.0
2027,VA,Total Electric Power Industry,Solar Thermal and Photovoltaic,15,15,893.9,893.7
2027,VA,Total Electric Power Industry,Wind,1,1,"2,640.0","2,640.0"
2027,WA,Total Electric Power Industry,All Sources,3,2,660.0,660.0
2027,WA,Total Electric Power Industry,Other,1,1,260.0,260.0
2027,WA,Total Electric Power Industry,Solar Thermal and Photovoltaic,2,2,400.0,400.0
2027,WI,Total Electric Power Industry,All Sources,6,6,"1,065.2","1,065.2"
2027,WI,Total Electric Power Industry,Other,1,1,99.0,99.0
2027,WI,Total Electric Power Industry,Solar Thermal and Photovoltaic,4,4,899.0,899.0
2027,WI,Total Electric Power Industry,Wind,1,1,67.2,67.2
2027,WV,Total Electric Power Industry,All Sources,5,3,188.4,167.4
2027,WV,Total Electric Power Industry,Hydroelectric,3,1,30.0,9.0
2027,WV,Total Electric Power Industry,Other,1,1,150.0,150.0
2027,WV,Total Electric Power Industry,Solar Thermal and Photovoltaic,1,1,8.4,8.4
2027,WY,Total Electric Power Industry,All Sources,2,1,565.0,565.0
2027,WY,Total Electric Power Industry,Other,1,1,200.0,200.0
2027,WY,Total Electric Power Industry,Solar Thermal and Photovoltaic,1,1,365.0,365.0
2028,AK,Total Electric Power Industry,All Sources,3,1,19.8,19.8
2028,AK,Total Electric Power Industry,Hydroelectric,3,1,19.8,19.8
2028,AL,Total Electric Power Industry,All Sources,1,1,200.0,200.0
2028,AL,Total Electric Power Industry,Solar Thermal and Photovoltaic,1,1,200.0,200.0
2028,AR,Total Electric Power Industry,All Sources,3,2,"1,217.3","1,182.0"
2028,AR,Total Electric Power Industry,Natural Gas,1,1,467.3,432.0
2028,AR,Total Electric Power Industry,Other,1,1,250.0,250.0
2028,AR,Total Electric Power Industry,Solar Thermal and Photovoltaic,1,1,500.0,500.0
2028,AZ,Total Electric Power Industry,All Sources,12,7,"3,963.0","3,963.0"
2028,AZ,Total Electric Power Industry,Other,6,6,"1,869.0","1,869.0"
2028,AZ,Total Electric Power Industry,Solar Thermal and Photovoltaic,6,6,"2,094.0","2,094.0"
2028,CA,Total Electric Power Industry,All Sources,31,17,"6,323.0","6,037.4"
2028,CA,Total Electric Power Industry,Hydroelectric,1,1,3.8,3.8
2028,CA,Total Electric Power Industry,Other,15,15,"2,798.4","2,733.6"
2028,CA,Total Electric Power Industry,Pumped Storage,4,1,"1,000.0","1,000.0"
2028,CA,Total Electric Power Industry,Solar Thermal and Photovoltaic,11,11,"2,520.8","2,300.0"
2028,CO,Total Electric Power Industry,All Sources,20,5,"1,601.9","1,491.9"
2028,CO,Total Electric Power Industry,Natural Gas,15,2,703.0,593.0
2028,CO,Total Electric Power Industry,Other,3,2,299.9,299.9
2028,CO,Total Electric Power Industry,Solar Thermal and Photovoltaic,2,2,599.0,599.0
2028,CT,Total Electric Power Industry,All Sources,1,1,200.0,200.0
2028,CT,Total Electric Power Industry,Solar Thermal and Photovoltaic,1,1,200.0,200.0
2028,DE,Total Electric Power Industry,All Sources,1,1,114.0,114.0
2028,DE,Total Electric Power Industry,Solar Thermal and Photovoltaic,1,1,114.0,114.0
2028,GA,Total Electric Power Industry,All Sources,1,1,150.0,150.0
2028,GA,Total Electric Power Industry,Solar Thermal and Photovoltaic,1,1,150.0,150.0
2028,HI,Total Electric Power Industry,All Sources,1,1,40.0,40.0
2028,HI,Total Electric Power Industry,Solar Thermal and Photovoltaic,1,1,40.0,40.0
2028,IA,Total Electric Power Industry,All Sources,4,4,726.0,726.0
2028,IA,Total Electric Power Industry,Solar Thermal and Photovoltaic,3,3,474.0,474.0
2028,IA,Total Electric Power Industry,Wind,1,1,252.0,252.0
2028,ID,Total Electric Power Industry,All Sources,1,1,206.0,206.0
2028,ID,Total Electric Power Industry,Wind,1,1,206.0,206.0
2028,IL,Total Electric Power Industry,All Sources,5,4,"1,311.5","1,311.5"
2028,IL,Total Electric Power Industry,Other,1,1,150.0,150.0
2028,IL,Total Electric Power Industry,Solar Thermal and Photovoltaic,3,3,545.0,545.0
2028,IL,Total Electric Power Industry,Wind,1,1,616.5,616.5
2028,IN,Total Electric Power Industry,All Sources,5,5,519.0,519.0
2028,IN,Total Electric Power Industry,Solar Thermal and Photovoltaic,5,5,519.0,519.0
2028,KS,Total Electric Power Industry,All Sources,2,2,78.0,78.0
2028,KS,Total Electric Power Industry,Other,1,1,75.0,75.0
2028,KS,Total Electric Power Industry,Petroleum,1,1,3.0,3.0
2028,KY,Total Electric Power Industry,All Sources,13,2,317.2,313.6
2028,KY,Total Electric Power Industry,Natural Gas,12,1,217.2,213.6
2028,KY,Total Electric Power Industry,Solar Thermal and Photovoltaic,1,1,100.0,100.0
2028,LA,Total Electric Power Industry,All Sources,12,4,"2,009.2","1,909.4"
2028,LA,Total Electric Power Industry,Hydroelectric,6,1,48.6,33.0
2028,LA,Total Electric Power Industry,Natural Gas,4,1,"1,560.6","1,476.4"
2028,LA,Total Electric Power Industry,Solar Thermal and Photovoltaic,2,2,400.0,400.0
2028,MA,Total Electric Power Industry,All Sources,1,1,168.0,168.0
2028,MA,Total Electric Power Industry,Other,1,1,168.0,168.0
2028,ME,Total Electric Power Industry,All Sources,5,5,118.8,118.8
2028,ME,Total Electric Power Industry,Solar Thermal and Photovoltaic,5,5,118.8,118.8
2028,MI,Total Electric Power Industry,All Sources,9,9,"1,381.4","1,242.0"
2028,MI,Total Electric Power Industry,Natural Gas,1,1,15.0,15.0
2028,MI,Total Electric Power Industry,Solar Thermal and Photovoltaic,8,8,"1,366.4","1,227.0"
2028,MN,Total Electric Power Industry,All Sources,5,4,633.1,599.7
2028,MN,Total Electric Power Industry,Natural Gas,2,1,420.0,386.6
2028,MN,Total Electric Power Industry,Other,1,1,10.0,10.0
2028,MN,Total Electric Power Industry,Petroleum,1,1,3.1,3.1
2028,MN,Total Electric Power Industry,Wind,1,1,200.0,200.0
2028,MO,Total Electric Power Industry,All Sources,2,1,76.0,67.4
2028,MO,Total Electric Power Industry,Natural Gas,2,1,76.0,67.4
2028,MS,Total Electric Power Industry,All Sources,24,12,"3,527.5","3,185.1"
2028,MS,Total Electric Power Industry,Hydroelectric,8,4,35.0,25.0
2028,MS,Total Electric Power Industry,Natural Gas,12,4,"2,961.5","2,629.1"
2028,MS,Total Electric Power Industry,Other,1,1,145.0,145.0
2028,MS,Total Electric Power Industry,Solar Thermal and Photovoltaic,3,3,386.0,386.0
2028,MT,Total Electric Power Industry,All Sources,1,1,3.5,3.5
2028,MT,Total Electric Power Industry,Hydroelectric,1,1,3.5,3.5
2028,NC,Total Electric Power Industry,All Sources,9,6,456.0,456.0
2028,NC,Total Electric Power Industry,Other,4,4,106.0,106.0
2028,NC,Total Electric Power Industry,Solar Thermal and Photovoltaic,5,5,350.0,350.0
2028,ND,Total Electric Power Industry,All Sources,3,3,721.1,473.5
2028,ND,Total Electric Power Industry,Solar Thermal and Photovoltaic,1,1,295.1,295.1
2028,ND,Total Electric Power Industry,Wind,2,2,426.0,178.4
2028,NE,Total Electric Power Industry,All Sources,1,1,264.0,221.0
2028,NE,Total Electric Power Industry,Natural Gas,1,1,264.0,221.0
2028,NM,Total Electric Power Industry,All Sources,24,5,"1,563.0","1,150.8"
2028,NM,Total Electric Power Industry,Natural Gas,20,2,"1,133.0",720.8
2028,NM,Total Electric Power Industry,Other,2,2,150.0,150.0
2028,NM,Total Electric Power Industry,Solar Thermal and Photovoltaic,1,1,90.0,90.0
2028,NM,Total Electric Power Industry,Wind,1,1,190.0,190.0
2028,NV,Total Electric Power Industry,All Sources,8,5,"2,013.0","2,013.0"
2028,NV,Total Electric Power Industry,Other,4,4,"1,100.0","1,100.0"
2028,NV,Total Electric Power Industry,Solar Thermal and Photovoltaic,4,4,913.0,913.0
2028,NY,Total Electric Power Industry,All Sources,12,11,"1,710.5","1,710.5"
2028,NY,Total Electric Power Industry,Other,4,3,471.5,471.5
2028,NY,Total Electric Power Industry,Solar Thermal and Photovoltaic,7,7,"1,113.0","1,113.0"
2028,NY,Total Electric Power Industry,Wind,1,1,126.0,126.0
2028,OH,Total Electric Power Industry,All Sources,4,4,826.0,860.5
2028,OH,Total Electric Power Industry,Other,1,1,50.0,50.0
2028,OH,Total Electric Power Industry,Solar Thermal and Photovoltaic,3,3,776.0,810.5
2028,OR,Total Electric Power Industry,All Sources,3,3,544.0,544.0
2028,OR,Total Electric Power Industry,Other,1,1,41.0,41.0
2028,OR,Total Electric Power Industry,Solar Thermal and Photovoltaic,2,2,503.0,503.0
2028,PA,Total Electric Power Industry,All Sources,32,19,"3,207.8","3,192.9"
2028,PA,Total Electric Power Industry,Hydroelectric,11,5,61.4,46.5
2028,PA,Total Electric Power Industry,Natural Gas,8,1,"2,512.0","2,512.0"
2028,PA,Total Electric Power Industry,Solar Thermal and Photovoltaic,13,13,634.4,634.4
2028,SC,Total Electric Power Industry,All Sources,10,10,628.5,628.9
2028,SC,Total Electric Power Industry,Solar Thermal and Photovoltaic,10,10,628.5,628.9
2028,TN,Total Electric Power Industry,All Sources,2,2,8.8,8.8
2028,TN,Total Electric Power Industry,Solar Thermal and Photovoltaic,2,2,8.8,8.8
2028,TX,Total Electric Power Industry,All Sources,92,74,"23,801.4","23,002.4"
2028,TX,Total Electric Power Industry,Natural Gas,8,6,"4,579.3","4,320.0"
2028,TX,Total Electric Power Industry,Other,37,36,"6,475.5","6,470.3"
2028,TX,Total Electric Power Industry,Solar Thermal and Photovoltaic,43,42,"11,113.1","10,820.6"
2028,TX,Total Electric Power Industry,Wind,4,4,"1,633.5","1,391.5"
2028,US,Total Electric Power Industry,All Sources,416,272,"68,408.5","65,766.1"
2028,US,Total Electric Power Industry,Geothermal,1,1,1.8,1.2
2028,US,Total Electric Power Industry,Hydroelectric,34,15,183.1,138.6
2028,US,Total Electric Power Industry,Natural Gas,99,26,"17,113.3","15,693.4"
2028,US,Total Electric Power Industry,Other,87,84,"14,867.3","14,797.3"
2028,US,Total Electric Power Industry,Petroleum,2,2,6.1,6.1
2028,US,Total Electric Power Industry,Pumped Storage,8,2,"2,000.0","2,000.0"
2028,US,Total Electric Power Industry,Solar Thermal and Photovoltaic,172,171,"30,580.8","29,963.0"
2028,US,Total Electric Power Industry,Wind,13,13,"3,656.1","3,166.5"
2028,UT,Total Electric Power Industry,All Sources,9,5,"1,536.8","1,536.2"
2028,UT,Total Electric Power Industry,Geothermal,1,1,1.8,1.2
2028,UT,Total Electric Power Industry,Other,1,1,58.0,58.0
2028,UT,Total Electric Power Industry,Pumped Storage,4,1,"1,000.0","1,000.0"
2028,UT,Total Electric Power Industry,Solar Thermal and Photovoltaic,3,3,477.0,477.0
2028,VA,Total Electric Power Industry,All Sources,12,12,982.4,982.4
2028,VA,Total Electric Power Industry,Solar Thermal and Photovoltaic,12,12,982.4,982.4
2028,VT,Total Electric Power Industry,All Sources,3,3,90.0,90.0
2028,VT,Total Electric Power Industry,Solar Thermal and Photovoltaic,3,3,90.0,90.0
2028,WA,Total Electric Power Industry,All Sources,3,3,410.0,410.0
2028,WA,Total Electric Power Industry,Other,2,2,250.0,250.0
2028,WA,Total Electric Power Industry,Solar Thermal and Photovoltaic,1,1,160.0,160.0
2028,WI,Total Electric Power Industry,All Sources,12,6,"3,113.5","3,070.0"
2028,WI,Total Electric Power Industry,Natural Gas,8,2,"1,505.5","1,462.0"
2028,WI,Total Electric Power Industry,Solar Thermal and Photovoltaic,4,4,"1,608.0","1,608.0"
2028,WV,Total Electric Power Industry,All Sources,8,5,701.4,643.0
2028,WV,Total Electric Power Industry,Hydroelectric,4,2,11.0,7.0
2028,WV,Total Electric Power Industry,Natural Gas,2,1,578.9,524.5
2028,WV,Total Electric Power Industry,Solar Thermal and Photovoltaic,2,2,111.5,111.5
2028,WY,Total Electric Power Industry,All Sources,6,3,926.1,926.1
2028,WY,Total Electric Power Industry,Natural Gas,3,1,120.0,120.0
2028,WY,Total Electric Power Industry,Other,1,1,400.0,400.0
2028,WY,Total Electric Power Industry,Solar Thermal and Photovoltaic,1,1,400.0,400.0
2028,WY,Total Electric Power Industry,Wind,1,1,6.1,6.1
2029,AL,Total Electric Power Industry,All Sources,4,3,"1,038.0","1,009.0"
2029,AL,Total Electric Power Industry,Natural Gas,1,1,438.0,409.0
2029,AL,Total Electric Power Industry,Other,2,2,400.0,400.0
2029,AL,Total Electric Power Industry,Solar Thermal and Photovoltaic,1,1,200.0,200.0
2029,AR,Total Electric Power Industry,All Sources,8,5,"2,820.0","2,730.0"
2029,AR,Total Electric Power Industry,Natural Gas,2,1,820.0,730.0
2029,AR,Total Electric Power Industry,Other,2,2,600.0,600.0
2029,AR,Total Electric Power Industry,Solar Thermal and Photovoltaic,4,4,"1,400.0","1,400.0"
2029,AZ,Total Electric Power Industry,All Sources,2,1,600.0,600.0
2029,AZ,Total Electric Power Industry,Other,1,1,300.0,300.0
2029,AZ,Total Electric Power Industry,Solar Thermal and Photovoltaic,1,1,300.0,300.0
2029,CA,Total Electric Power Industry,All Sources,12,5,872.8,871.6
2029,CA,Total Electric Power Industry,Natural Gas,6,1,112.8,111.6
2029,CA,Total Electric Power Industry,Other,4,4,505.0,505.0
2029,CA,Total Electric Power Industry,Solar Thermal and Photovoltaic,2,2,255.0,255.0
2029,CO,Total Electric Power Industry,All Sources,4,3,630.0,630.0
2029,CO,Total Electric Power Industry,Other,1,1,100.0,100.0
2029,CO,Total Electric Power Industry,Solar Thermal and Photovoltaic,3,3,530.0,530.0
2029,FL,Total Electric Power Industry,All Sources,1,1,75.0,75.0
2029,FL,Total Electric Power Industry,Solar Thermal and Photovoltaic,1,1,75.0,75.0
2029,GA,Total Electric Power Industry,All Sources,7,4,"3,716.0","3,602.0"
2029,GA,Total Electric Power Industry,Natural Gas,3,2,"1,066.0",952.0
2029,GA,Total Electric Power Industry,Other,1,1,400.0,400.0
2029,GA,Total Electric Power Industry,Solar Thermal and Photovoltaic,3,2,"2,250.0","2,250.0"
2029,HI,Total Electric Power Industry,All Sources,11,1,103.4,103.4
2029,HI,Total Electric Power Industry,Other Biomass,11,1,103.4,103.4
2029,IL,Total Electric Power Industry,All Sources,3,3,"1,528.0","1,528.0"
2029,IL,Total Electric Power Industry,Solar Thermal and Photovoltaic,2,2,"1,350.0","1,350.0"
2029,IL,Total Electric Power Industry,Wind,1,1,178.0,178.0
2029,IN,Total Electric Power Industry,All Sources,4,4,"1,588.0","1,588.0"
2029,IN,Total Electric Power Industry,Natural Gas,1,1,964.0,964.0
2029,IN,Total Electric Power Industry,Solar Thermal and Photovoltaic,3,3,624.0,624.0
2029,KS,Total Electric Power Industry,All Sources,1,1,765.0,693.2
2029,KS,Total Electric Power Industry,Natural Gas,1,1,765.0,693.2
2029,KY,Total Electric Power Industry,All Sources,10,5,"1,012.8","1,012.8"
2029,KY,Total Electric Power Industry,Hydroelectric,6,1,2.8,2.8
2029,KY,Total Electric Power Industry,Solar Thermal and Photovoltaic,4,4,"1,010.0","1,010.0"
2029,LA,Total Electric Power Industry,All Sources,3,2,"1,020.0",930.0
2029,LA,Total Electric Power Industry,Natural Gas,2,1,820.0,730.0
2029,LA,Total Electric Power Industry,Other,1,1,200.0,200.0
2029,ME,Total Electric Power Industry,All Sources,2,2,318.0,318.0
2029,ME,Total Electric Power Industry,Solar Thermal and Photovoltaic,2,2,318.0,318.0
2029,MI,Total Electric Power Industry,All Sources,1,1,200.0,198.0
2029,MI,Total Electric Power Industry,Wind,1,1,200.0,198.0
2029,MO,Total Electric Power Industry,All Sources,3,2,323.0,311.4
2029,MO,Total Electric Power Industry,Natural Gas,2,1,76.0,64.4
2029,MO,Total Electric Power Industry,Wind,1,1,247.0,247.0
2029,MS,Total Electric Power Industry,All Sources,1,1,150.0,150.0
2029,MS,Total Electric Power Industry,Solar Thermal and Photovoltaic,1,1,150.0,150.0
2029,MT,Total Electric Power Industry,All Sources,2,2,83.5,83.5
2029,MT,Total Electric Power Industry,Hydroelectric,1,1,3.5,3.5
2029,MT,Total Electric Power Industry,Wind,1,1,80.0,80.0
2029,NC,Total Electric Power Industry,All Sources,1,1,32.0,32.0
2029,NC,Total Electric Power Industry,Other,1,1,32.0,32.0
2029,ND,Total Electric Power Industry,All Sources,2,1,759.0,729.0
2029,ND,Total Electric Power Industry,Natural Gas,2,1,759.0,729.0
2029,NE,Total Electric Power Industry,All Sources,19,3,"1,644.0","1,453.2"
2029,NE,Total Electric Power Industry,Natural Gas,19,3,"1,644.0","1,453.2"
2029,NM,Total Electric Power Industry,All Sources,1,1,230.0,230.0
2029,NM,Total Electric Power Industry,Solar Thermal and Photovoltaic,1,1,230.0,230.0
2029,NV,Total Electric Power Industry,All Sources,4,2,"1,340.0","1,340.0"
2029,NV,Total Electric Power Industry,Other,2,2,670.0,670.0
2029,NV,Total Electric Power Industry,Solar Thermal and Photovoltaic,2,2,670.0,670.0
2029,NY,Total Electric Power Industry,All Sources,11,9,756.3,778.3
2029,NY,Total Electric Power Industry,Solar Thermal and Photovoltaic,5,5,475.2,500.2
2029,NY,Total Electric Power Industry,Wind,6,4,281.1,278.1
2029,OH,Total Electric Power Industry,All Sources,2,1,20.0,20.0
2029,OH,Total Electric Power Industry,Hydroelectric,2,1,20.0,20.0
2029,OK,Total Electric Power Industry,All Sources,9,4,"2,322.0","2,219.4"
2029,OK,Total Electric Power Industry,Natural Gas,6,2,"1,820.8","1,718.2"
2029,OK,Total Electric Power Industry,Other,2,2,301.2,301.2
2029,OK,Total Electric Power Industry,Solar Thermal and Photovoltaic,1,1,200.0,200.0
2029,OR,Total Electric Power Industry,All Sources,4,2,"2,494.0","2,494.0"
2029,OR,Total Electric Power Industry,Other,2,2,"1,247.0","1,247.0"
2029,OR,Total Electric Power Industry,Solar Thermal and Photovoltaic,2,2,"1,247.0","1,247.0"
2029,PA,Total Electric Power Industry,All Sources,6,1,"1,884.0","1,884.0"
2029,PA,Total Electric Power Industry,Natural Gas,6,1,"1,884.0","1,884.0"
2029,SC,Total Electric Power Industry,All Sources,1,1,249.0,249.0
2029,SC,Total Electric Power Industry,Solar Thermal and Photovoltaic,1,1,249.0,249.0
2029,SD,Total Electric Power Industry,All Sources,4,1,145.2,142.4
2029,SD,Total Electric Power Industry,Natural Gas,4,1,145.2,142.4
2029,TN,Total Electric Power Industry,All Sources,3,2,827.8,719.5
2029,TN,Total Electric Power Industry,Natural Gas,2,1,777.8,669.5
2029,TN,Total Electric Power Industry,Other,1,1,50.0,50.0
2029,TX,Total Electric Power Industry,All Sources,34,32,"7,898.0","7,796.0"
2029,TX,Total Electric Power Industry,Natural Gas,2,1,"1,445.0","1,344.8"
2029,TX,Total Electric Power Industry,Other,14,14,"2,816.7","2,815.8"
2029,TX,Total Electric Power Industry,Solar Thermal and Photovoltaic,16,16,"3,160.3","3,159.4"
2029,TX,Total Electric Power Industry,Wind,2,2,476.0,476.0
2029,US,Total Electric Power Industry,All Sources,207,121,"42,112.6","41,124.1"
2029,US,Total Electric Power Industry,Hydroelectric,17,5,75.1,75.1
2029,US,Total Electric Power Industry,Natural Gas,63,20,"14,537.6","13,530.9"
2029,US,Total Electric Power Industry,Other,39,39,"9,070.9","9,070.0"
2029,US,Total Electric Power Industry,Other Biomass,11,1,103.4,103.4
2029,US,Total Electric Power Industry,Solar Thermal and Photovoltaic,63,62,"16,233.5","16,257.6"
2029,US,Total Electric Power Industry,Wind,14,12,"2,092.1","2,087.1"
2029,UT,Total Electric Power Industry,All Sources,2,1,600.0,600.0
2029,UT,Total Electric Power Industry,Other,1,1,300.0,300.0
2029,UT,Total Electric Power Industry,Solar Thermal and Photovoltaic,1,1,300.0,300.0
2029,VA,Total Electric Power Industry,All Sources,7,4,"1,181.0","1,116.6"
2029,VA,Total Electric Power Industry,Natural Gas,4,1,"1,000.0",935.6
2029,VA,Total Electric Power Industry,Solar Thermal and Photovoltaic,3,3,181.0,181.0
2029,WA,Total Electric Power Industry,All Sources,5,4,976.0,976.0
2029,WA,Total Electric Power Industry,Other,2,2,470.0,470.0
2029,WA,Total Electric Power Industry,Solar Thermal and Photovoltaic,2,2,380.0,380.0
2029,WA,Total Electric Power Industry,Wind,1,1,126.0,126.0
2029,WI,Total Electric Power Industry,All Sources,2,1,360.0,360.0
2029,WI,Total Electric Power Industry,Other,1,1,180.0,180.0
2029,WI,Total Electric Power Industry,Solar Thermal and Photovoltaic,1,1,180.0,180.0
2029,WV,Total Electric Power Industry,All Sources,8,2,48.8,48.8
2029,WV,Total Electric Power Industry,Hydroelectric,8,2,48.8,48.8
2029,WY,Total Electric Power Industry,All Sources,3,2,"1,502.0","1,502.0"
2029,WY,Total Electric Power Industry,Other,1,1,499.0,499.0
2029,WY,Total Electric Power Industry,Solar Thermal and Photovoltaic,1,1,499.0,499.0
2029,WY,Total Electric Power Industry,Wind,1,1,504.0,504.0
2030,AR,Total Electric Power Industry,All Sources,2,1,750.0,750.0
2030,AR,Total Electric Power Industry,Other,1,1,250.0,250.0
2030,AR,Total Electric Power Industry,Solar Thermal and Photovoltaic,1,1,500.0,500.0
2030,AZ,Total Electric Power Industry,All Sources,6,3,"1,600.0","1,500.0"
2030,AZ,Total Electric Power Industry,Natural Gas,4,1,"1,250.0","1,150.0"
2030,AZ,Total Electric Power Industry,Other,1,1,150.0,150.0
2030,AZ,Total Electric Power Industry,Solar Thermal and Photovoltaic,1,1,200.0,200.0
2030,CA,Total Electric Power Industry,All Sources,6,3,700.9,700.9
2030,CA,Total Electric Power Industry,Natural Gas,3,1,.9,.9
2030,CA,Total Electric Power Industry,Other,2,2,550.0,550.0
2030,CA,Total Electric Power Industry,Solar Thermal and Photovoltaic,1,1,150.0,150.0
2030,CO,Total Electric Power Industry,All Sources,2,2,500.0,500.0
2030,CO,Total Electric Power Industry,Other,1,1,200.0,200.0
2030,CO,Total Electric Power Industry,Solar Thermal and Photovoltaic,1,1,300.0,300.0
2030,GA,Total Electric Power Industry,All Sources,1,1,261.0,261.0
2030,GA,Total Electric Power Industry,Solar Thermal and Photovoltaic,1,1,261.0,261.0
2030,HI,Total Electric Power Industry,All Sources,3,2,179.5,179.5
2030,HI,Total Electric Power Industry,Other,2,2,93.5,93.5
2030,HI,Total Electric Power Industry,Solar Thermal and Photovoltaic,1,1,86.0,86.0
2030,IL,Total Electric Power Industry,All Sources,12,2,"1,286.8","1,050.0"
2030,IL,Total Electric Power Industry,Hydroelectric,10,1,10.0,10.0
2030,IL,Total Electric Power Industry,Natural Gas,2,1,"1,276.8","1,040.0"
2030,KS,Total Electric Power Industry,All Sources,1,1,765.0,690.4
2030,KS,Total Electric Power Industry,Natural Gas,1,1,765.0,690.4
2030,LA,Total Electric Power Industry,All Sources,12,5,"4,760.6","4,414.5"
2030,LA,Total Electric Power Industry,Natural Gas,12,5,"4,760.6","4,414.5"
2030,MO,Total Electric Power Industry,All Sources,1,1,489.7,425.1
2030,MO,Total Electric Power Industry,Natural Gas,1,1,489.7,425.1
2030,MS,Total Electric Power Industry,All Sources,1,1,160.0,160.0
2030,MS,Total Electric Power Industry,Solar Thermal and Photovoltaic,1,1,160.0,160.0
2030,ND,Total Electric Power Industry,All Sources,2,1,759.0,729.0
2030,ND,Total Electric Power Industry,Natural Gas,2,1,759.0,729.0
2030,NY,Total Electric Power Industry,All Sources,5,5,179.0,179.0
2030,NY,Total Electric Power Industry,Other,2,2,129.0,129.0
2030,NY,Total Electric Power Industry,Solar Thermal and Photovoltaic,3,3,50.0,50.0
2030,PA,Total Electric Power Industry,All Sources,17,5,307.0,290.8
2030,PA,Total Electric Power Industry,Hydroelectric,16,4,57.0,40.8
2030,PA,Total Electric Power Industry,Solar Thermal and Photovoltaic,1,1,250.0,250.0
2030,TX,Total Electric Power Industry,All Sources,141,14,"10,956.0","10,953.1"
2030,TX,Total Electric Power Industry,Natural Gas,128,1,"8,832.0","8,832.0"
2030,TX,Total Electric Power Industry,Other,4,4,660.0,660.0
2030,TX,Total Electric Power Industry,Solar Thermal and Photovoltaic,7,7,"1,217.4","1,187.5"
2030,TX,Total Electric Power Industry,Wind,2,2,246.6,273.6
2030,US,Total Electric Power Industry,All Sources,221,55,"25,819.4","24,790.3"
2030,US,Total Electric Power Industry,Hydroelectric,26,5,67.0,50.8
2030,US,Total Electric Power Industry,Natural Gas,153,12,"18,134.0","17,281.9"
2030,US,Total Electric Power Industry,Nuclear,1,1,500.0,342.1
2030,US,Total Electric Power Industry,Other,14,14,"2,182.5","2,182.5"
2030,US,Total Electric Power Industry,Solar Thermal and Photovoltaic,25,25,"4,689.3","4,659.4"
2030,US,Total Electric Power Industry,Wind,2,2,246.6,273.6
2030,UT,Total Electric Power Industry,All Sources,2,1,450.0,450.0
2030,UT,Total Electric Power Industry,Other,1,1,150.0,150.0
2030,UT,Total Electric Power Industry,Solar Thermal and Photovoltaic,1,1,300.0,300.0
2030,VA,Total Electric Power Industry,All Sources,5,5,"1,051.9","1,051.9"
2030,VA,Total Electric Power Industry,Solar Thermal and Photovoltaic,5,5,"1,051.9","1,051.9"
2030,WY,Total Electric Power Industry,All Sources,2,2,663.0,505.1
2030,WY,Total Electric Power Industry,Nuclear,1,1,500.0,342.1
2030,WY,Total Electric Power Industry,Solar Thermal and Photovoltaic,1,1,163.0,163.0
