,Entity_Name,Plant_ID,Plant_Name,Plant_State,Technology,Operating_Year,Latitude,Longitude
0,Geysers_Power_Co_LLC,286,Geysers_Unit_5-20,CA,Geothermal,1975,38.777000,-122.745000
1,Geysers_Power_Co_LLC,286,Geysers_Unit_5-20,CA,Geothermal,1979,38.777000,-122.745000
2,Geysers_Power_Co_LLC,286,Geysers_Unit_5-20,CA,Geothermal,1980,38.777000,-122.745000
4,Geysers_Power_Co_LLC,286,Geysers_Unit_5-20,CA,Geothermal,1985,38.777000,-122.745000
5,Geysers_Power_Co_LLC,286,Geysers_Unit_5-20,CA,Geothermal,1982,38.777000,-122.745000
6,Geysers_Power_Co_LLC,286,Geysers_Unit_5-20,CA,Geothermal,1983,38.777000,-122.745000
8,Geysers_Power_Co_LLC,286,Geysers_Unit_5-20,CA,Geothermal,1971,38.777000,-122.745000
10,Geysers_Power_Co_LLC,286,Geysers_Unit_5-20,CA,Geothermal,1972,38.777000,-122.745000
12,Geysers_Power_Co_LLC,510,Sonoma_California_Geothermal,CA,Geothermal,1983,38.790300,-122.755900
13,Mayacma_Geothermal,902,Bottle_Rock_Power,CA,Geothermal,1985,38.834800,-122.767700
14,Northern_California_Power_Agny,7368,Geothermal_1,CA,Geothermal,1983,38.752000,-122.719500
16,Northern_California_Power_Agny,7369,Geothermal_2,CA,Geothermal,1985,38.749200,-122.711700
17,Northern_California_Power_Agny,7369,Geothermal_2,CA,Geothermal,1986,38.749200,-122.711700
18,Ormat_Nevada_Inc,10479,Mammoth_G3,CA,Geothermal,1990,37.645500,-118.909600
21,Ormat_Nevada_Inc,10480,Mammoth_G1,CA,Geothermal,1984,37.645100,-118.914300
23,Ormat_Nevada_Inc,10481,Mammoth_G2,CA,Geothermal,1990,37.646400,-118.909200
26,CalEnergy_Operating_Corporation,10631,CE_Leathers,CA,Geothermal,1989,33.177900,-115.565000
27,CalEnergy_Operating_Corporation,10632,Del_Ranch_Company,CA,Geothermal,1988,33.164600,-115.616000
28,CalEnergy_Operating_Corporation,10634,Elmore_Company,CA,Geothermal,1988,33.177700,-115.603300
29,CalEnergy_Operating_Corporation,10759,Salton_Sea_Power_Gen_Co_-_Unit_3,CA,Geothermal,1989,33.158153,-115.638700
30,Ormat_Nevada_Inc,10763,Ormesa_III,CA,Geothermal,2007,32.775700,-115.263700
31,Ormat_Nevada_Inc,10763,Ormesa_III,CA,Geothermal,1989,32.775700,-115.263700
32,Ormat_Nevada_Inc,10763,Ormesa_III,CA,Geothermal,2020,32.775700,-115.263700
33,Coso_Operating_Co_LLC,10873,Coso_Finance_Partners,CA,Geothermal,1987,36.037200,-117.798100
34,Coso_Operating_Co_LLC,10873,Coso_Finance_Partners,CA,Geothermal,1988,36.037200,-117.798100
36,Coso_Operating_Co_LLC,10874,Coso_Power_Developers,CA,Geothermal,1989,36.019200,-117.791700
39,Coso_Operating_Co_LLC,10875,Coso_Energy_Developers,CA,Geothermal,1988,36.001900,-117.788600
41,Coso_Operating_Co_LLC,10875,Coso_Energy_Developers,CA,Geothermal,1989,36.001900,-117.788600
42,CalEnergy_Operating_Corporation,10878,Salton_Sea_Power_Gen_Co_-_Unit_1,CA,Geothermal,1982,33.158000,-115.647500
43,CalEnergy_Operating_Corporation,10879,Salton_Sea_Power_Gen_Co_-_Unit_2,CA,Geothermal,1990,33.158900,-115.645500
46,Geysers_Power_Co_LLC,50066,Calistoga_Power_Plant,CA,Geothermal,1984,38.787900,-122.743400
48,CalEnergy_Operating_Corporation,50210,Vulcan-BN_Geothermal_Power_Company,CA,Geothermal,1985,33.163300,-115.616700
50,Ormat_Nevada_Inc,50766,Ormesa_I,CA,Geothermal,2003,32.815600,-115.256800
51,Ormat_Nevada_Inc,50766,Ormesa_I,CA,Geothermal,2025,32.815600,-115.256800
52,Geysers_Power_Co_LLC,52158,Aidlin_Geothermal_Power_Plant,CA,Geothermal,1989,38.833900,-122.881000
54,Ormat_Nevada_Inc,54038,Geo_East_Mesa_II,CA,Geothermal,1989,32.775700,-115.263700
55,ORCAL_Geothermal_Inc,54111,Second_Imperial_Geothermal,CA,Geothermal,2006,32.714400,-115.535600
56,ORCAL_Geothermal_Inc,54111,Second_Imperial_Geothermal,CA,Geothermal,2008,32.714400,-115.535600
57,ORCAL_Geothermal_Inc,54111,Second_Imperial_Geothermal,CA,Geothermal,2022,32.714400,-115.535600
59,ORCAL_Geothermal_Inc,54689,Heber_Geothermal,CA,Geothermal,2006,32.714600,-115.518000
60,ORCAL_Geothermal_Inc,54689,Heber_Geothermal,CA,Geothermal,2018,32.714600,-115.518000
61,ORCAL_Geothermal_Inc,54689,Heber_Geothermal,CA,Geothermal,2023,32.714600,-115.518000
64,Ormat_Nevada_Inc,54724,Ormesa_II,CA,Geothermal,1989,32.788100,-115.248100
65,Ormat_Nevada_Inc,54724,Ormesa_II,CA,Geothermal,2007,32.788100,-115.248100
66,CalEnergy_Operating_Corporation,54996,Salton_Sea_Power_Gen_Co_-_Unit_4,CA,Geothermal,1996,33.157000,-115.638600
67,CalEnergy_Operating_Corporation,55983,Salton_Sea_Power_LLC_-_Unit_5,CA,Geothermal,2000,33.153300,-115.638400
68,CalEnergy_Operating_Corporation,55984,CE_Turbo_LLC,CA,Geothermal,2000,33.166900,-115.511400
69,Ormat_Nevada_Inc,56832,North_Brawley_Geothermal_Plant,CA,Geothermal,2009,33.013900,-115.543900
74,Hudson_Ranch_Power_I_LLC,57475,John_L._Featherstone_Plant,CA,Geothermal,2012,33.204635,-115.573300
75,US_Geothermal_Inc.,58022,Neal_Hot_Springs_Geothermal_Project,OR,Geothermal,2012,44.023056,-117.468100
78,Surprise_Valley_Electrification,59382.0,Paisley_Geothermal_Generating_Plant,OR,Geothermal,2015.0,42.695833,-120.5578
79,CD4,63490.0,CD4,CA,Geothermal,2022.0,37.646053,-118.9158
